squad,squad_size,foreigners,squad_value_avg,squad_value,season_start_year,season_end_year
Manchester City,46,35,26160000.0,1200000000.0,2018,2019
Liverpool,39,25,30060000.0,1170000000.0,2018,2019
Chelsea,54,40,21600000.0,1170000000.0,2018,2019
Tottenham,34,20,26430000.0,898600000.0,2018,2019
Manchester Utd,36,22,22160000.0,797600000.0,2018,2019
Arsenal,42,28,15690000.0,659050000.0,2018,2019
Everton,40,28,13230000.0,529100000.0,2018,2019
Leicester,37,27,11730000.0,434100000.0,2018,2019
West Ham,37,24,9700000.0,359000000.0,2018,2019
Bournemouth,37,17,8380000.000000001,310000000.0,2018,2019
Southampton,40,19,7640000.0,305400000.0,2018,2019
Wolves,40,26,7570000.0,302900000.0,2018,2019
Crystal Palace,36,21,8029999.999999999,289000000.0,2018,2019
Fulham,33,26,7700000.0,254250000.0,2018,2019
Newcastle,37,23,6610000.0,244650000.0,2018,2019
Watford,39,32,6130000.0,239100000.0,2018,2019
Burnley,33,14,5980000.0,197250000.0,2018,2019
Brighton,41,29,4740000.0,194350000.0,2018,2019
Huddersfield Town,33,21,4170000.0,137450000.0,2018,2019
Cardiff City,35,21,3230000.0,113000000.0,2018,2019
Aston Villa,43,23,3820000.0,164450000.0,2018,2019
West Brom,37,13,3940000.0,145650000.0,2018,2019
Stoke City,36,25,3590000.0,129300000.0,2018,2019
Middlesbrough FC,41,15,2470000.0,101330000.0,2018,2019
Leeds,49,31,1930000.0,94450000.0,2018,2019
Derby County,44,21,2140000.0,94330000.0,2018,2019
Swansea City,39,31,2370000.0,92540000.0,2018,2019
Norwich,37,25,2330000.0,86300000.0,2018,2019
Nottingham,45,29,1850000.0,83100000.0,2018,2019
Brentford,39,27,1960000.0,76350000.0,2018,2019
Bristol City,38,21,1910000.0,72550000.0,2018,2019
Reading FC,49,33,1350000.0,66250000.0,2018,2019
Sheffield Utd,39,18,1580000.0,61750000.0,2018,2019
Hull City,34,15,1630000.0,55400000.0,2018,2019
Sheffield Wednesday,41,23,1160000.0,47400000.0,2018,2019
Birmingham City,33,15,1290000.0,42500000.0,2018,2019
Wigan Athletic,43,20,955000.0,41050000.0,2018,2019
Queens Park Rangers,44,25,903000.0,39730000.0,2018,2019
Blackburn Rovers,39,14,891000.0,34750000.0,2018,2019
Preston North End,44,17,757000.0,33300000.0,2018,2019
Millwall FC,37,18,769000.0,28450000.0,2018,2019
Ipswich Town,45,18,597000.0,26850000.0,2018,2019
Bolton Wanderers,37,9,589000.0,21800000.0,2018,2019
Rotherham United,35,15,331000.0,11580000.0,2018,2019
Manchester City,34,24,30840000.0,1050000000.0,2019,2020
Liverpool,56,32,17900000.0,1000000000.0,2019,2020
Tottenham,36,22,22410000.0,806800000.0,2019,2020
Chelsea,36,23,19610000.0,705850000.0,2019,2020
Manchester Utd,43,25,15590000.0,670450000.0,2019,2020
Arsenal,38,24,15990000.0,607650000.0,2019,2020
Everton,35,21,12020000.0,420550000.0,2019,2020
Leicester,32,19,12850000.0,411100000.0,2019,2020
Wolves,44,30,7280000.0,320330000.0,2019,2020
West Ham,38,26,7990000.0,303600000.0,2019,2020
Bournemouth,39,17,6980000.0,272180000.0,2019,2020
Newcastle,41,23,6160000.0,252480000.0,2019,2020
Aston Villa,38,22,6100000.0,231700000.0,2019,2020
Southampton,36,20,5850000.0,210750000.0,2019,2020
Brighton,45,29,4460000.0,200780000.0,2019,2020
Watford,43,28,4640000.0,199600000.0,2019,2020
Crystal Palace,33,18,5740000.0,189330000.0,2019,2020
Burnley,35,12,4680000.0,163880000.0,2019,2020
Norwich,38,25,3820000.0,145330000.0,2019,2020
Sheffield Utd,34,16,4080000.0,138600000.0,2019,2020
Fulham,36,26,3240000.0,116600000.0,2019,2020
Leeds,35,20,2880000.0,100750000.0,2019,2020
West Brom,37,15,2460000.0,90930000.0,2019,2020
Huddersfield Town,44,19,2000000.0,88080000.0,2019,2020
Bristol City,43,27,1930000.0,82950000.0,2019,2020
Stoke City,41,24,2020000.0,82930000.0,2019,2020
Brentford,36,28,1950000.0,70380000.0,2019,2020
Nottingham,44,26,1480000.0,65000000.0,2019,2020
Cardiff City,42,23,1510000.0,63380000.0,2019,2020
Swansea City,39,23,1590000.0,62100000.0,2019,2020
Middlesbrough FC,35,13,1720000.0,60130000.0,2019,2020
Birmingham City,45,24,1160000.0,52030000.0,2019,2020
Derby County,35,13,1470000.0,51480000.0,2019,2020
Hull City,40,19,1250000.0,49880000.0,2019,2020
Reading FC,47,30,993000.0,46680000.0,2019,2020
Queens Park Rangers,37,23,1210000.0,44900000.0,2019,2020
Sheffield Wednesday,41,20,920000.0,37700000.0,2019,2020
Blackburn Rovers,37,13,885000.0,32750000.0,2019,2020
Preston North End,35,11,929000.0,32500000.0,2019,2020
Wigan Athletic,36,20,784000.0,28230000.0,2019,2020
Charlton Athletic,44,16,607000.0,26700000.0,2019,2020
Millwall FC,30,12,773000.0,23200000.0,2019,2020
Luton,35,14,579000.0,20250000.0,2019,2020
Barnsley FC,36,21,483000.0,17400000.0,2019,2020
Manchester City,36,23,29010000.0,1040000000.0,2020,2021
Liverpool,43,28,22550000.0,969650000.0,2020,2021
Chelsea,39,23,22800000.0,889200000.0,2020,2021
Manchester Utd,39,24,19740000.0,770050000.0,2020,2021
Tottenham,41,23,17160000.0,703500000.0,2020,2021
Arsenal,42,27,14740000.0,619250000.0,2020,2021
Everton,44,26,11620000.0,511200000.0,2020,2021
Leicester,40,26,12770000.0,510600000.0,2020,2021
Wolves,38,32,11850000.0,450300000.0,2020,2021
Aston Villa,53,24,8130000.000000001,430750000.0,2020,2021
West Ham,39,23,8590000.0,334900000.0,2020,2021
Brighton,46,30,6310000.0,290400000.0,2020,2021
Southampton,39,22,7250000.0,282800000.0,2020,2021
Newcastle,33,18,7740000.0,255350000.0,2020,2021
Fulham,38,30,6310000.0,239750000.0,2020,2021
Leeds,39,24,6110000.0,238100000.0,2020,2021
Crystal Palace,36,18,5380000.0,193850000.0,2020,2021
Sheffield Utd,40,16,3750000.0,149850000.0,2020,2021
West Brom,43,18,3280000.0,141150000.0,2020,2021
Burnley,32,11,4130000.0,132300000.0,2020,2021
Norwich,44,31,4150000.000000001,182400000.0,2020,2021
Brentford,40,31,4220000.0,168900000.0,2020,2021
Bournemouth,34,19,4100000.0,139550000.0,2020,2021
Watford,45,29,2520000.0,113300000.0,2020,2021
Swansea City,41,27,2320000.0,94950000.0,2020,2021
Blackburn Rovers,42,16,1900000.0,79750000.0,2020,2021
Stoke City,46,26,1650000.0,75700000.0,2020,2021
Cardiff City,53,34,1400000.0,74250000.0,2020,2021
Reading FC,42,23,1640000.0,68900000.0,2020,2021
Derby County,66,22,908000.0,59950000.0,2020,2021
Middlesbrough FC,41,11,1440000.0,59050000.0,2020,2021
Bristol City,49,22,1170000.0,57550000.0,2020,2021
Nottingham,38,23,1460000.0,55450000.0,2020,2021
Barnsley FC,49,21,983000.0,48180000.0,2020,2021
Preston North End,43,17,1110000.0,47900000.0,2020,2021
Huddersfield Town,49,22,951000.0,46600000.0,2020,2021
Birmingham City,50,22,926000.0,46300000.0,2020,2021
Millwall FC,32,14,1220000.0,39180000.0,2020,2021
Queens Park Rangers,38,25,972000.0,36950000.0,2020,2021
Sheffield Wednesday,40,16,778000.0,31100000.0,2020,2021
Luton,39,16,640000.0,24950000.0,2020,2021
Coventry City,41,21,533000.0,21850000.0,2020,2021
Rotherham United,35,15,459000.0,16050000.0,2020,2021
Wycombe Wanderers,34,14,278000.0,9450000.0,2020,2021
Manchester City,39,23,25740000.0,1000000000.0,2021,2022
Liverpool,49,29,18750000.0,918900000.0,2021,2022
Chelsea,44,25,20780000.0,914500000.0,2021,2022
Manchester Utd,43,28,17890000.0,769150000.0,2021,2022
Tottenham,45,26,15320000.0,689350000.0,2021,2022
Arsenal,41,25,14950000.0,613050000.0,2021,2022
Leicester,40,24,13160000.0,526550000.0,2021,2022
Aston Villa,44,21,11090000.0,487750000.0,2021,2022
Everton,42,23,11410000.0,479050000.0,2021,2022
Wolves,38,30,9920000.0,376950000.0,2021,2022
West Ham,36,20,9860000.0,354900000.0,2021,2022
Brighton,43,31,7400000.0,318000000.0,2021,2022
Newcastle,34,18,9230000.0,313900000.0,2021,2022
Leeds,35,20,8560000.0,299450000.0,2021,2022
Southampton,33,19,8310000.000000001,274300000.0,2021,2022
Brentford,38,27,7190000.0,273300000.0,2021,2022
Crystal Palace,33,16,8210000.000000001,271050000.0,2021,2022
Norwich,45,29,3630000.0,163200000.0,2021,2022
Watford,47,36,3320000.0,156200000.0,2021,2022
Burnley,35,16,3940000.0,137850000.0,2021,2022
Fulham,38,29,4970000.0,188900000.0,2021,2022
Bournemouth,39,17,4630000.0,180400000.0,2021,2022
Sheffield Utd,44,22,3100000.0,136400000.0,2021,2022
West Brom,40,15,2190000.0,87400000.0,2021,2022
Nottingham,41,23,2020000.0,82950000.0,2021,2022
Stoke City,43,22,1750000.0,75400000.0,2021,2022
Middlesbrough FC,43,17,1720000.0,74150000.0,2021,2022
Swansea City,42,23,1520000.0,63750000.0,2021,2022
Blackburn Rovers,40,14,1580000.0,63100000.0,2021,2022
Birmingham City,45,16,1050000.0,47130000.0,2021,2022
Preston North End,39,17,1210000.0,47100000.0,2021,2022
Cardiff City,42,22,1090000.0,45800000.0,2021,2022
Reading FC,50,28,914000.0,45700000.0,2021,2022
Millwall FC,33,13,1300000.0,42750000.0,2021,2022
Queens Park Rangers,41,26,1030000.0,42250000.0,2021,2022
Huddersfield Town,39,16,1070000.0,41780000.0,2021,2022
Derby County,38,18,1070000.0,40550000.0,2021,2022
Hull City,41,13,984000.0,40350000.0,2021,2022
Bristol City,34,15,1060000.0,36200000.0,2021,2022
Coventry City,35,16,879000.0,30780000.0,2021,2022
Luton,38,17,796000.0,30250000.0,2021,2022
Barnsley FC,43,21,697000.0,29980000.0,2021,2022
Blackpool FC,41,10,434000.0,17780000.0,2021,2022
Peterborough United,43,16,392000.0,16850000.0,2021,2022
Manchester City,34,21,33700000.0,1150000000.0,2022,2023
Arsenal,42,25,23830000.0,1000000000.0,2022,2023
Chelsea,43,28,23140000.0,994950000.0,2022,2023
Manchester Utd,48,28,17670000.0,848000000.0,2022,2023
Liverpool,39,24,20820000.0,811850000.0,2022,2023
Tottenham,34,21,19090000.0,649100000.0,2022,2023
Newcastle,38,21,14250000.0,541600000.0,2022,2023
Brighton,42,28,12610000.0,529800000.0,2022,2023
Aston Villa,43,24,11850000.0,509550000.0,2022,2023
Wolves,43,34,11570000.0,497650000.0,2022,2023
Leicester,38,22,12920000.0,490800000.0,2022,2023
West Ham,44,24,10590000.0,465750000.0,2022,2023
Southampton,46,25,9130000.0,419950000.0,2022,2023
Everton,40,20,10330000.0,413150000.0,2022,2023
Nottingham,50,29,7530000.0,376250000.0,2022,2023
Brentford,36,26,10310000.0,371200000.0,2022,2023
Leeds,47,31,7340000.0,345150000.0,2022,2023
Crystal Palace,39,19,8279999.999999999,323050000.0,2022,2023
Fulham,47,34,6280000.0,295250000.0,2022,2023
Bournemouth,47,23,6110000.0,287200000.0,2022,2023
Burnley,39,22,4960000.0,193350000.0,2022,2023
Watford,50,31,3110000.0,155400000.0,2022,2023
Norwich,37,22,3420000.0,126550000.0,2022,2023
Sheffield Utd,37,17,3200000.0,118550000.0,2022,2023
Middlesbrough FC,45,13,2100000.0,94480000.0,2022,2023
Sunderland AFC,41,15,2060000.0,84450000.0,2022,2023
Blackburn Rovers,35,10,2400000.0,83950000.0,2022,2023
Stoke City,45,21,1720000.0,77350000.0,2022,2023
West Brom,40,15,1730000.0,69350000.0,2022,2023
Coventry City,42,19,1590000.0,66650000.00000001,2022,2023
Hull City,43,20,1530000.0,65950000.0,2022,2023
Bristol City,40,21,1640000.0,65580000.0,2022,2023
Swansea City,37,24,1770000.0,65430000.00000001,2022,2023
Birmingham City,35,14,1690000.0,59250000.0,2022,2023
Queens Park Rangers,37,23,1550000.0,57430000.0,2022,2023
Preston North End,33,19,1720000.0,56900000.0,2022,2023
Cardiff City,39,23,1290000.0,50200000.0,2022,2023
Luton,44,18,1060000.0,46830000.0,2022,2023
Blackpool FC,44,14,985000.0,43330000.0,2022,2023
Millwall FC,31,12,1400000.0,43300000.0,2022,2023
Reading FC,40,27,986000.0,39450000.0,2022,2023
Huddersfield Town,49,20,777000.0,38080000.0,2022,2023
Rotherham United,39,18,831000.0,32400000.0,2022,2023
Wigan Athletic,49,24,417000.0,20430000.0,2022,2023
Manchester City,22,16,57740000.0,1270000000.0,2023,2024
Arsenal,25,18,44740000.0,1120000000.0,2023,2024
Chelsea,30,19,30940000.0,928300000.0,2023,2024
Liverpool,28,21,32910000.0,921400000.0,2023,2024
Tottenham,26,20,29900000.0,777300000.0,2023,2024
Manchester Utd,27,19,27190000.0,734250000.0,2023,2024
Aston Villa,27,18,23930000.0,646200000.0,2023,2024
Newcastle,28,13,22780000.0,637700000.0,2023,2024
Brighton,27,19,18710000.0,505100000.0,2023,2024
West Ham,22,14,20300000.0,446600000.0,2023,2024
Brentford,30,23,14200000.0,426080000.0,2023,2024
Crystal Palace,28,13,14450000.0,404700000.0,2023,2024
Nottingham,28,24,13200000.0,369650000.0,2023,2024
Bournemouth,26,17,13570000.0,352800000.0,2023,2024
Everton,25,11,13820000.0,345400000.0,2023,2024
Wolves,23,19,14770000.0,339700000.0,2023,2024
Fulham,24,22,14080000.0,338000000.0,2023,2024
Burnley,29,22,8830000.0,256100000.00000003,2023,2024
Sheffield Utd,29,17,4960000.0,143750000.0,2023,2024
Luton,28,16,4470000.0,125100000.0,2023,2024
Leicester,25,15,8440000.0,211000000.0,2023,2024
Leeds,27,17,7650000.0,206500000.0,2023,2024
Southampton,25,14,7600000.0,189900000.0,2023,2024
Hull City,28,15,3750000.0,104900000.0,2023,2024
Sunderland AFC,28,13,2950000.0,82600000.0,2023,2024
Middlesbrough FC,28,15,2690000.0,75250000.0,2023,2024
Norwich,23,14,3030000.0,69750000.0,2023,2024
Swansea City,28,12,2310000.0,64650000.00000001,2023,2024
Watford,23,17,2680000.0,61650000.0,2023,2024
Stoke City,31,23,1890000.0,58600000.0,2023,2024
Coventry City,23,10,2380000.0,54850000.0,2023,2024
West Brom,28,15,1910000.0,53600000.0,2023,2024
Blackburn Rovers,28,13,1880000.0,52550000.0,2023,2024
Birmingham City,31,12,1640000.0,50950000.0,2023,2024
Cardiff City,24,14,2110000.0,50700000.0,2023,2024
Ipswich Town,29,15,1740000.0,50500000.0,2023,2024
Millwall FC,26,13,1670000.0,43450000.0,2023,2024
Bristol City,24,11,1670000.0,40100000.0,2023,2024
Preston North End,29,18,1340000.0,38730000.0,2023,2024
Queens Park Rangers,26,16,1330000.0,34450000.0,2023,2024
Huddersfield Town,28,10,1220000.0,34180000.0,2023,2024
Plymouth Argyle,27,7,1060000.0,28600000.0,2023,2024
Sheffield Wednesday,30,17,673000.0,20180000.0,2023,2024
Rotherham United,26,7,567000.0,14750000.0,2023,2024
Barcelona,39,20,29720000.0,1160000000.0,2018,2019
Atl. Madrid,37,17,26210000.0,969700000.0,2018,2019
Real Madrid,36,16,24890000.0,896100000.0,2018,2019
Valencia,33,17,15140000.0,499650000.0,2018,2019
Sevilla,38,21,8060000.000000001,306300000.0,2018,2019
Real Sociedad,33,8,9120000.0,300950000.0,2018,2019
Betis,34,15,8550000.0,290750000.0,2018,2019
Ath Bilbao,32,3,7320000.0,234250000.0,2018,2019
Celta Vigo,30,19,7800000.0,234100000.0,2018,2019
Villarreal,32,12,7210000.0,230650000.0,2018,2019
Espanyol,30,9,5820000.0,174700000.0,2018,2019
Getafe,28,13,4720000.0,132200000.0,2018,2019
Leganes,38,19,2960000.0,112450000.0,2018,2019
Alaves,29,10,3820000.0,110800000.0,2018,2019
Levante,31,10,3480000.0,107850000.0,2018,2019
Girona,33,12,2950000.0,97250000.0,2018,2019
Eibar,29,8,3240000.0,93900000.0,2018,2019
Rayo Vallecano,36,13,2410000.0,86700000.0,2018,2019
Valladolid,41,8,2020000.0,83000000.0,2018,2019
Huesca,39,15,1570000.0,61400000.0,2018,2019
Málaga CF,39,20,1220000.0,47400000.0,2018,2019
Las Palmas,40,9,929000.0,37150000.0,2018,2019
Deportivo de La Coruña,33,9,1120000.0,36850000.0,2018,2019
Granada CF,29,5,1050000.0,30400000.0,2018,2019
Osasuna,30,0,942000.0,28250000.0,2018,2019
Cadiz CF,37,12,750000.0,27750000.0,2018,2019
CD Tenerife,33,10,783000.0,25850000.0,2018,2019
Albacete Balompié,38,17,655000.0,24900000.0,2018,2019
Sporting Gijón,35,10,700000.0,24500000.0,2018,2019
Almeria,37,10,604000.0,22350000.0,2018,2019
Real Zaragoza,34,10,631000.0,21450000.0,2018,2019
Mallorca,33,11,629000.0,20750000.0,2018,2019
Extremadura UD,48,12,399000.0,19150000.0,2018,2019
CD Lugo,41,10,459000.0,18800000.0,2018,2019
CF Rayo Majadahonda,33,5,506000.0,16700000.0,2018,2019
Gimnàstic de Tarragona,49,18,339000.0,16600000.000000002,2018,2019
Real Oviedo,31,7,527000.0,16350000.000000002,2018,2019
Córdoba CF,38,8,426000.0,16200000.0,2018,2019
CD Numancia,37,6,434000.0,16050000.0,2018,2019
Elche,36,7,422000.0,15200000.0,2018,2019
AD Alcorcón,38,6,346000.0,13150000.0,2018,2019
CF Reus Deportiu,27,5,333000.0,9000000.0,2018,2019
Barcelona,42,23,22150000.0,930280000.0,2019,2020
Real Madrid,33,21,27690000.0,913750000.0,2019,2020
Atl. Madrid,33,16,21820000.0,720150000.0,2019,2020
Valencia,33,17,12960000.0,427800000.0,2019,2020
Real Sociedad,36,7,9650000.0,347550000.0,2019,2020
Sevilla,35,16,8420000.0,294750000.0,2019,2020
Betis,38,10,6430000.0,244350000.0,2019,2020
Ath Bilbao,32,2,6620000.0,211750000.0,2019,2020
Villarreal,33,11,6320000.0,208680000.0,2019,2020
Getafe,33,17,5320000.0,175450000.0,2019,2020
Celta Vigo,35,13,4770000.0,167000000.0,2019,2020
Espanyol,40,12,3900000.0,156050000.0,2019,2020
Leganes,39,16,2810000.0,109700000.0,2019,2020
Alaves,37,11,2890000.0,106750000.0,2019,2020
Levante,33,8,2740000.0,90500000.0,2019,2020
Valladolid,37,9,2370000.0,87780000.0,2019,2020
Mallorca,35,15,1850000.0,64680000.00000001,2019,2020
Osasuna,37,4,1700000.0,62780000.0,2019,2020
Granada CF,34,13,1660000.0,56580000.0,2019,2020
Eibar,29,11,1850000.0,53750000.0,2019,2020
Girona,37,11,1120000.0,41380000.0,2019,2020
Rayo Vallecano,42,11,904000.0,37980000.0,2019,2020
Deportivo de La Coruña,42,15,833000.0,35000000.0,2019,2020
Las Palmas,43,10,786000.0,33800000.0,2019,2020
Almeria,44,17,763000.0,33550000.0,2019,2020
Huesca,32,7,959000.0,30680000.0,2019,2020
Real Zaragoza,36,13,705000.0,25380000.0,2019,2020
Cadiz CF,41,12,523000.0,21450000.0,2019,2020
Málaga CF,37,12,542000.0,20050000.0,2019,2020
Sporting Gijón,33,7,589000.0,19430000.0,2019,2020
Real Oviedo,35,7,464000.0,16250000.0,2019,2020
Elche,35,5,447000.0,15650000.0,2019,2020
Albacete Balompié,37,12,408000.0,15100000.0,2019,2020
CD Tenerife,31,7,473000.0,14680000.0,2019,2020
CD Mirandés,31,13,436000.0,13530000.0,2019,2020
CD Lugo,37,11,335000.0,12400000.0,2019,2020
Racing Santander,37,7,314000.0,11630000.0,2019,2020
CD Numancia,37,5,299000.0,11080000.0,2019,2020
AD Alcorcón,32,9,332000.0,10630000.0,2019,2020
SD Ponferradina,33,8,321000.0,10600000.0,2019,2020
Extremadura UD,36,9,292000.0,10500000.0,2019,2020
CF Fuenlabrada,35,7,296000.0,10350000.0,2019,2020
Barcelona,32,20,25420000.0,813500000.0,2020,2021
Real Madrid,37,17,21280000.0,787300000.0,2020,2021
Atl. Madrid,39,21,19820000.0,773100000.0,2020,2021
Sevilla,38,17,11010000.0,418250000.0,2020,2021
Real Sociedad,38,5,10700000.0,406600000.0,2020,2021
Villarreal,36,13,8130000.000000001,292600000.0,2020,2021
Valencia,35,20,7970000.0,278850000.0,2020,2021
Betis,33,12,6290000.0,207700000.0,2020,2021
Ath Bilbao,32,2,6380000.0,204150000.0,2020,2021
Getafe,33,19,5150000.0,170100000.0,2020,2021
Celta Vigo,41,12,3800000.0,155850000.0,2020,2021
Granada CF,44,17,2790000.0,122650000.0,2020,2021
Levante,34,10,3320000.0,113000000.0,2020,2021
Osasuna,36,7,2690000.0,96750000.0,2020,2021
Eibar,34,9,2450000.0,83400000.0,2020,2021
Alaves,35,10,2280000.0,79800000.0,2020,2021
Huesca,34,9,1890000.0,64099999.99999999,2020,2021
Valladolid,41,9,1550000.0,63350000.0,2020,2021
Cadiz CF,41,16,1160000.0,47650000.0,2020,2021
Elche,41,15,1110000.0,45650000.0,2020,2021
Espanyol,37,7,2160000.0,80000000.0,2020,2021
Almeria,35,17,2020000.0,70600000.0,2020,2021
Mallorca,39,13,1310000.0,50950000.0,2020,2021
Girona,40,13,908000.0,36330000.0,2020,2021
Leganes,39,10,884000.0,34480000.0,2020,2021
Rayo Vallecano,36,11,829000.0,29850000.0,2020,2021
Sporting Gijón,37,6,646000.0,23900000.0,2020,2021
Real Zaragoza,38,12,609000.0,23150000.0,2020,2021
Las Palmas,42,8,485000.0,20350000.0,2020,2021
Málaga CF,48,15,422000.0,20280000.0,2020,2021
CD Mirandés,35,7,474000.0,16600000.000000002,2020,2021
CF Fuenlabrada,34,10,435000.0,14800000.0,2020,2021
CD Tenerife,38,10,361000.0,13700000.0,2020,2021
Real Oviedo,34,6,399000.0,13550000.0,2020,2021
FC Cartagena,43,14,305000.0,13100000.0,2020,2021
SD Ponferradina,34,8,338000.0,11500000.0,2020,2021
Albacete Balompié,36,11,282000.0,10150000.0,2020,2021
CD Castellón,36,4,278000.0,10000000.0,2020,2021
UD Logroñés,36,6,264000.0,9500000.0,2020,2021
CD Lugo,36,7,245000.0,8830000.0,2020,2021
AD Alcorcón,34,9,247000.0,8400000.0,2020,2021
CE Sabadell FC,33,2,217000.0,7150000.0,2020,2021
Real Madrid,36,19,21410000.0,770750000.0,2021,2022
Barcelona,47,24,15650000.0,735600000.0,2021,2022
Atl. Madrid,43,24,15390000.0,661800000.0,2021,2022
Villarreal,39,15,10480000.0,408900000.0,2021,2022
Sevilla,43,21,8950000.0,385000000.0,2021,2022
Real Sociedad,40,7,9420000.0,376950000.0,2021,2022
Valencia,44,20,7060000.0,310600000.0,2021,2022
Betis,38,13,6820000.0,259000000.0,2021,2022
Ath Bilbao,31,1,7290000.0,226050000.0,2021,2022
Getafe,43,18,4850000.0,208680000.0,2021,2022
Espanyol,38,7,3460000.0,131600000.0,2021,2022
Celta Vigo,34,11,3530000.0,120000000.0,2021,2022
Osasuna,32,4,3390000.0,108450000.0,2021,2022
Granada CF,39,16,2660000.0,103750000.0,2021,2022
Levante,42,12,1850000.0,77900000.0,2021,2022
Mallorca,41,16,1810000.0,74150000.0,2021,2022
Elche,37,13,1970000.0,72980000.0,2021,2022
Cadiz CF,37,14,1830000.0,67800000.0,2021,2022
Rayo Vallecano,36,14,1870000.0,67200000.0,2021,2022
Alaves,43,15,1520000.0,65349999.99999999,2021,2022
Valladolid,42,10,1590000.0,66650000.00000001,2021,2022
Almeria,36,12,1770000.0,63750000.0,2021,2022
Leganes,44,11,967000.0,42550000.0,2021,2022
Girona,40,9,951000.0,38050000.0,2021,2022
Real Sociedad B,39,4,835000.0,32550000.0,2021,2022
Sporting Gijón,42,7,720000.0,30250000.0,2021,2022
Huesca,38,9,787000.0,29900000.0,2021,2022
Eibar,33,6,886000.0,29250000.0,2021,2022
Real Zaragoza,40,7,693000.0,27700000.0,2021,2022
Las Palmas,37,8,691000.0,25550000.0,2021,2022
Málaga CF,42,9,583000.0,24500000.0,2021,2022
Real Oviedo,34,5,665000.0,22600000.0,2021,2022
CD Mirandés,33,7,668000.0,22050000.0,2021,2022
CD Tenerife,37,7,565000.0,20900000.0,2021,2022
SD Ponferradina,32,8,486000.0,15550000.0,2021,2022
CF Fuenlabrada,42,17,357000.0,14980000.0,2021,2022
FC Cartagena,39,11,362000.0,14100000.0,2021,2022
UD Ibiza,34,5,362000.0,12300000.0,2021,2022
SD Amorebieta,30,0,333000.0,10000000.0,2021,2022
AD Alcorcón,47,9,199000.0,9380000.0,2021,2022
Burgos CF,27,1,343000.0,9250000.0,2021,2022
CD Lugo,38,5,236000.0,8980000.0,2021,2022
Real Madrid,36,20,25650000.0,923450000.0,2022,2023
Barcelona,41,14,20410000.0,836800000.0,2022,2023
Atl. Madrid,40,22,13360000.0,534300000.0,2022,2023
Real Sociedad,37,6,11940000.0,441700000.0,2022,2023
Villarreal,43,15,8450000.0,363500000.0,2022,2023
Valencia,40,18,6240000.0,249780000.0,2022,2023
Betis,38,13,6480000.0,246400000.0,2022,2023
Sevilla,42,23,5540000.0,232580000.0,2022,2023
Ath Bilbao,31,1,7180000.0,222450000.0,2022,2023
Osasuna,31,4,4840000.0,150050000.0,2022,2023
Girona,37,13,3780000.0,139900000.0,2022,2023
Celta Vigo,36,12,3860000.0,139100000.0,2022,2023
Getafe,34,14,3500000.0,118900000.0,2022,2023
Espanyol,36,10,3230000.0,116350000.0,2022,2023
Almeria,36,18,3170000.0,114200000.0,2022,2023
Mallorca,38,19,2820000.0,107000000.0,2022,2023
Rayo Vallecano,29,10,3570000.0,103400000.0,2022,2023
Valladolid,41,17,2210000.0,90750000.0,2022,2023
Elche,40,16,1690000.0,67500000.0,2022,2023
Cadiz CF,47,17,1400000.0,65599999.99999999,2022,2023
Granada CF,38,9,1460000.0,55400000.0,2022,2023
Levante,35,6,1280000.0,44780000.0,2022,2023
Alaves,36,15,1000000.0,36080000.0,2022,2023
Leganes,40,12,800000.0,32000000.0,2022,2023
Real Oviedo,41,7,771000.0,31600000.0,2022,2023
Real Zaragoza,36,11,869000.0,31280000.0,2022,2023
Las Palmas,36,7,840000.0,30230000.0,2022,2023
Sporting Gijón,42,12,715000.0,30050000.0,2022,2023
Eibar,31,5,852000.0,26400000.0,2022,2023
Villarreal B,35,8,729000.0,25500000.0,2022,2023
CD Mirandés,34,5,729000.0,24800000.0,2022,2023
Huesca,35,8,656000.0,22980000.0,2022,2023
FC Cartagena,41,13,470000.0,19250000.0,2022,2023
Málaga CF,42,11,458000.0,19250000.0,2022,2023
FC Andorra,31,5,613000.0,19000000.0,2022,2023
CD Tenerife,35,7,519000.0,18150000.0,2022,2023
Albacete Balompié,38,8,474000.0,18030000.0,2022,2023
Burgos CF,32,2,534000.0,17100000.0,2022,2023
UD Ibiza,39,12,422000.0,16480000.0,2022,2023
Racing Santander,35,6,444000.0,15550000.0,2022,2023
SD Ponferradina,35,15,436000.0,15250000.0,2022,2023
CD Lugo,42,12,277000.0,11650000.0,2022,2023
Real Madrid,24,17,43210000.0,1040000000.0,2023,2024
Barcelona,26,11,32290000.0,839500000.0,2023,2024
Real Sociedad,28,8,17160000.0,480600000.0,2023,2024
Atl. Madrid,25,16,16710000.0,417800000.0,2023,2024
Ath Bilbao,25,1,10460000.0,261600000.00000003,2023,2024
Girona,23,9,10730000.0,246800000.0,2023,2024
Valencia,25,9,8640000.0,215950000.0,2023,2024
Villarreal,29,11,7370000.0,213700000.0,2023,2024
Sevilla,28,18,7570000.0,212000000.0,2023,2024
Betis,26,15,7630000.0,198500000.0,2023,2024
Celta Vigo,27,12,4150000.000000001,112100000.0,2023,2024
Osasuna,21,2,4730000.0,99300000.0,2023,2024
Alaves,22,8,4420000.0,97200000.0,2023,2024
Las Palmas,27,8,3580000.0,96600000.0,2023,2024
Getafe,22,10,4350000.0,95600000.0,2023,2024
Granada CF,26,11,3370000.0,87500000.0,2023,2024
Mallorca,24,11,3630000.0,87100000.0,2023,2024
Almeria,25,14,2910000.0,72800000.0,2023,2024
Rayo Vallecano,25,12,2740000.0,68600000.0,2023,2024
Cadiz CF,29,10,2140000.0,62100000.0,2023,2024
Espanyol,24,6,2270000.0,54400000.0,2023,2024
Valladolid,26,12,1600000.0,41500000.0,2023,2024
Real Zaragoza,25,7,1340000.0,33400000.0,2023,2024
Elche,24,5,1330000.0,31900000.0,2023,2024
Real Oviedo,27,5,1170000.0,31600000.0,2023,2024
Sporting Gijón,27,10,1140000.0,30900000.0,2023,2024
Eibar,23,6,1230000.0,28300000.0,2023,2024
Levante,26,4,973000.0,25300000.0,2023,2024
Leganes,23,8,1070000.0,24700000.0,2023,2024
Racing Santander,25,3,840000.0,21000000.0,2023,2024
Villarreal B,26,4,788000.0,20500000.0,2023,2024
Albacete Balompié,25,6,796000.0,19900000.0,2023,2024
FC Andorra,26,3,758000.0,19700000.0,2023,2024
Burgos CF,21,4,895000.0,18800000.0,2023,2024
CD Tenerife,25,4,716000.0,17900000.0,2023,2024
Huesca,24,6,742000.0,17800000.0,2023,2024
CD Mirandés,25,9,684000.0,17100000.0,2023,2024
Racing Ferrol,27,2,522000.0,14100000.0,2023,2024
CD Eldense,26,6,454000.0,11800000.0,2023,2024
FC Cartagena,22,3,523000.0,11500000.0,2023,2024
AD Alcorcón,24,6,475000.0,11400000.0,2023,2024
SD Amorebieta,24,4,450000.0,10800000.0,2023,2024
Juventus,59,25,14760000.0,871050000.0,2018,2019
Napoli,54,27,11980000.0,646800000.0,2018,2019
Inter,60,30,10300000.0,617930000.0,2018,2019
AC Milan,45,22,12860000.0,578480000.0,2018,2019
AS Roma,57,27,8050000.000000001,459050000.0,2018,2019
Atalanta,88,29,4180000.0,367680000.0,2018,2019
Fiorentina,56,36,5630000.0,315330000.0,2018,2019
Lazio,57,33,5110000.0,291150000.0,2018,2019
Sassuolo,59,15,4100000.0,242050000.0,2018,2019
Torino,62,29,3860000.0,239230000.0,2018,2019
Sampdoria,59,30,3670000.0,216750000.0,2018,2019
Udinese,56,41,3590000.0,201200000.0,2018,2019
Genoa,69,35,2780000.0,191730000.0,2018,2019
Cagliari,49,18,3170000.0,155380000.0,2018,2019
Bologna,48,28,2490000.0,119680000.0,2018,2019
Empoli,59,24,1790000.0,105600000.0,2018,2019
Spal,51,20,1910000.0,97400000.0,2018,2019
Parma,70,19,1370000.0,95750000.0,2018,2019
Chievo Verona,68,32,804000.0,54700000.0,2018,2019
Frosinone,44,10,1240000.0,54530000.0,2018,2019
Brescia,41,9,1450000.0,59450000.0,2018,2019
Verona,56,20,724000.0,40530000.0,2018,2019
US Palermo,41,18,913000.0,37430000.0,2018,2019
AC Perugia Calcio,45,12,709000.0,31900000.0,2018,2019
Delfino Pescara 1936,62,15,514000.0,31850000.0,2018,2019
Crotone,53,23,544000.0,28850000.0,2018,2019
Benevento,45,10,636000.0,28600000.0,2018,2019
Lecce,49,8,541000.0,26500000.0,2018,2019
Spezia,46,12,551000.0,25350000.0,2018,2019
Ascoli Calcio,67,13,325000.0,21800000.0,2018,2019
AS Cittadella,40,1,512000.0,20480000.0,2018,2019
Foggia Calcio,54,11,354000.0,19100000.0,2018,2019
Carpi FC 1909,59,18,309000.0,18250000.0,2018,2019
Cremonese,46,10,367000.0,16900000.0,2018,2019
Venezia,48,11,345000.0,16579999.999999998,2018,2019
Salernitana,50,15,320000.0,15980000.0,2018,2019
Cosenza Calcio,45,9,338000.0,15200000.0,2018,2019
Calcio Padova,53,9,251000.0,13330000.0,2018,2019
AS Livorno,55,14,240000.0,13230000.0,2018,2019
Juventus,38,23,17420000.0,661880000.0,2019,2020
Inter,34,19,17830000.0,606050000.0,2019,2020
Napoli,33,24,16610000.0,548280000.0,2019,2020
AC Milan,37,22,10930000.0,404330000.0,2019,2020
AS Roma,36,23,10910000.0,392730000.0,2019,2020
Lazio,34,24,8940000.0,303880000.0,2019,2020
Fiorentina,42,28,7200000.0,302230000.0,2019,2020
Atalanta,37,26,7880000.0,291430000.0,2019,2020
Sassuolo,44,18,3820000.0,167980000.0,2019,2020
Cagliari,41,16,4090000.0,167830000.0,2019,2020
Torino,37,17,4420000.0,163550000.0,2019,2020
Genoa,43,25,3310000.0,142380000.0,2019,2020
Sampdoria,38,19,3560000.0,135280000.0,2019,2020
Bologna,40,26,3240000.0,129650000.0,2019,2020
Parma,40,19,3220000.0,128750000.0,2019,2020
Udinese,39,28,3100000.0,121080000.0,2019,2020
Verona,40,19,2810000.0,112530000.0,2019,2020
Brescia,33,11,2520000.0,83230000.0,2019,2020
Spal,42,23,1750000.0,73630000.0,2019,2020
Lecce,47,17,1110000.0,52330000.0,2019,2020
Empoli,45,14,845000.0,38030000.0,2019,2020
Ascoli Calcio,45,12,602000.0,27080000.0,2019,2020
AC Perugia Calcio,38,13,665000.0,25280000.0,2019,2020
Chievo Verona,48,26,490000.0,23530000.0,2019,2020
Delfino Pescara 1936,49,14,429000.0,21030000.0,2019,2020
Benevento,33,8,631000.0,20830000.0,2019,2020
Frosinone,35,7,571000.0,20000000.0,2019,2020
Crotone,37,16,511000.0,18900000.0,2019,2020
AS Livorno,46,14,385000.0,17730000.0,2019,2020
Virtus Entella,42,5,408000.0,17130000.0,2019,2020
Salernitana,39,13,426000.0,16629999.999999998,2019,2020
Spezia,33,14,492000.0,16250000.0,2019,2020
Trapani Calcio,49,14,318000.0,15600000.0,2019,2020
Cremonese,38,7,409000.0,15530000.0,2019,2020
AC Pisa 1909,38,5,376000.0,14280000.0,2019,2020
Pordenone Calcio,33,2,377000.0,12430000.0,2019,2020
Venezia,39,7,308000.0,12000000.0,2019,2020
AS Cittadella,30,2,390000.0,11700000.0,2019,2020
SS Juve Stabia,43,7,256000.0,11000000.0,2019,2020
Cosenza Calcio,32,11,343000.0,10980000.0,2019,2020
Inter,41,22,16190000.000000002,663900000.0,2020,2021
Juventus,45,26,14070000.0,633300000.0,2020,2021
AC Milan,42,27,13040000.0,547780000.0,2020,2021
Napoli,32,21,16570000.0,530200000.00000006,2020,2021
Atalanta,39,21,11030000.0,430000000.0,2020,2021
AS Roma,46,28,8600000.0,395650000.0,2020,2021
Lazio,44,32,7420000.0,326330000.0,2020,2021
Fiorentina,41,24,7000000.0,286800000.0,2020,2021
Sassuolo,39,19,6200000.0,241740000.0,2020,2021
Cagliari,42,19,4470000.0,187830000.0,2020,2021
Torino,40,22,4380000.0,175280000.0,2020,2021
Udinese,42,30,4120000.0,173000000.0,2020,2021
Verona,46,21,3420000.0,157210000.0,2020,2021
Bologna,45,27,3410000.0,153600000.0,2020,2021
Parma,53,30,2430000.0,128700000.0,2020,2021
Sampdoria,34,18,3740000.0,127180000.0,2020,2021
Genoa,44,23,2540000.0,111930000.0,2020,2021
Spezia,39,17,1840000.0,71680000.0,2020,2021
Crotone,41,19,1290000.0,52750000.0,2020,2021
Benevento,36,14,1390000.0,50130000.0,2020,2021
Monza,46,7,1180000.0,54290000.0,2020,2021
Empoli,37,8,1360000.0,50280000.0,2020,2021
Spal,40,14,1190000.0,47700000.0,2020,2021
Brescia,34,18,1300000.0,44350000.0,2020,2021
Lecce,41,15,835000.0,34230000.0,2020,2021
Venezia,41,13,717000.0,29390000.0,2020,2021
Salernitana,40,23,675000.0,27000000.0,2020,2021
Ascoli Calcio,52,20,394000.0,20480000.0,2020,2021
Chievo Verona,44,16,453000.0,19950000.0,2020,2021
Pordenone Calcio,37,3,511000.0,18900000.0,2020,2021
Frosinone,42,8,447000.0,18780000.0,2020,2021
Cremonese,36,3,504000.0,18140000.0,2020,2021
AC Pisa 1909,39,3,463000.0,18080000.0,2020,2021
Reggina 1914,43,16,412000.0,17740000.0,2020,2021
Delfino Pescara 1936,50,18,349000.0,17450000.0,2020,2021
AS Cittadella,33,5,411000.0,13550000.0,2020,2021
Cosenza Calcio,39,11,324000.0,12640000.0,2020,2021
Virtus Entella,48,9,254000.0,12180000.0,2020,2021
LR Vicenza,37,5,300000.0,11100000.0,2020,2021
AC Reggiana 1919,33,7,268000.0,8850000.0,2020,2021
Juventus,43,24,14940000.0,642500000.0,2021,2022
Inter,36,20,15520000.0,558550000.0,2021,2022
AC Milan,37,22,14780000.0,546950000.0,2021,2022
Napoli,37,20,12900000.0,477230000.0,2021,2022
Atalanta,44,24,9060000.0,398750000.0,2021,2022
AS Roma,39,25,9780000.0,381250000.0,2021,2022
Fiorentina,38,22,8570000.0,325800000.0,2021,2022
Lazio,34,24,7780000.0,264480000.00000003,2021,2022
Sassuolo,43,22,5840000.0,251000000.0,2021,2022
Torino,41,25,5450000.0,223400000.0,2021,2022
Bologna,45,28,4140000.0,186200000.0,2021,2022
Verona,43,19,3790000.0,162980000.0,2021,2022
Udinese,44,26,3230000.0,142300000.0,2021,2022
Cagliari,46,23,2920000.0,134530000.0,2021,2022
Sampdoria,46,19,2790000.0,128550000.0,2021,2022
Empoli,40,12,3160000.0,126500000.0,2021,2022
Genoa,47,24,2580000.0,121280000.0,2021,2022
Venezia,51,35,1590000.0,80980000.0,2021,2022
Spezia,34,23,2310000.0,78500000.0,2021,2022
Salernitana,51,26,1380000.0,70560000.0,2021,2022
Parma,46,31,1390000.0,64099999.99999999,2021,2022
Monza,36,8,1330000.0,47740000.0,2021,2022
Cremonese,37,7,1180000.0,43600000.0,2021,2022
Lecce,40,22,1060000.0,42300000.0,2021,2022
Brescia,36,18,1000000.0,36150000.0,2021,2022
Pisa Sporting Club,37,13,928000.0,34330000.0,2021,2022
Spal,47,11,662000.0,31130000.0,2021,2022
Frosinone,43,14,715000.0,30730000.0,2021,2022
Crotone,47,20,578000.0,27180000.0,2021,2022
Benevento,39,11,696000.0,27150000.0,2021,2022
Ascoli Calcio,41,13,511000.0,20950000.0,2021,2022
LR Vicenza,48,8,408000.0,19600000.0,2021,2022
AC Perugia Calcio,39,9,483000.0,18850000.0,2021,2022
Como 1907,35,8,529000.0,18530000.0,2021,2022
Cosenza Calcio,49,15,368000.0,18030000.0,2021,2022
Reggina 1914,44,16,394000.0,17350000.0,2021,2022
Pordenone Calcio,44,8,394000.0,17330000.0,2021,2022
Ternana Calcio,39,10,442000.0,17250000.0,2021,2022
AS Cittadella,35,7,488000.0,17080000.0,2021,2022
US Alessandria Calcio 1912,45,3,314000.0,14130000.0,2021,2022
Napoli,31,20,21100000.0,654080000.0,2022,2023
Inter,35,22,16219999.999999998,567550000.0,2022,2023
AC Milan,36,27,15140000.0,545100000.0,2022,2023
Juventus,40,19,12080000.0,483130000.0,2022,2023
AS Roma,47,27,7690000.0,361380000.0,2022,2023
Atalanta,38,20,8900000.0,338380000.0,2022,2023
Lazio,33,20,8070000.0,266430000.0,2022,2023
Fiorentina,38,18,6810000.0,258800000.0,2022,2023
Sassuolo,35,19,6630000.0,232200000.0,2022,2023
Torino,38,29,5190000.0,197190000.0,2022,2023
Udinese,38,28,4970000.0,188860000.0,2022,2023
Bologna,38,22,4040000.0,153630000.0,2022,2023
Monza,41,12,3310000.0,135700000.0,2022,2023
Empoli,44,19,2850000.0,125530000.0,2022,2023
Verona,46,26,2690000.0,123890000.0,2022,2023
Salernitana,45,27,2630000.0,118350000.0,2022,2023
Spezia,48,33,2410000.0,115810000.0,2022,2023
Lecce,39,23,2700000.0,105200000.0,2022,2023
Cremonese,42,19,1990000.0,83780000.0,2022,2023
Sampdoria,48,26,1730000.0,82960000.0,2022,2023
Genoa,46,23,1480000.0,67980000.0,2022,2023
Parma,35,26,1500000.0,52500000.0,2022,2023
Venezia,56,40,870000.0,48710000.0,2022,2023
Cagliari,41,17,1020000.0,41830000.0,2022,2023
Frosinone,36,11,1110000.0,40130000.0,2022,2023
SSC Bari,35,8,1060000.0,36930000.0,2022,2023
Pisa Sporting Club,40,20,818000.0,32700000.000000004,2022,2023
Palermo FC,43,9,737000.0,31700000.0,2022,2023
Como 1907,43,12,724000.0,31130000.0,2022,2023
Reggina 1914,38,14,638000.0,24230000.0,2022,2023
Ascoli Calcio,39,13,602000.0,23480000.0,2022,2023
FC Südtirol,41,4,551000.0,22580000.0,2022,2023
Benevento,43,18,512000.0,22020000.0,2022,2023
Brescia,33,15,639000.0,21100000.0,2022,2023
Modena FC,36,4,583000.0,20980000.0,2022,2023
Spal,46,11,434000.0,19980000.0,2022,2023
Ternana Calcio,37,9,523000.0,19350000.0,2022,2023
Cosenza Calcio,45,14,398000.0,17900000.0,2022,2023
AS Cittadella,35,6,505000.0,17680000.0,2022,2023
AC Perugia Calcio,41,13,354000.0,14500000.0,2022,2023
Inter,25,16,24890000.0,622350000.0,2023,2024
AC Milan,26,17,20520000.0,533450000.00000006,2023,2024
Napoli,26,19,19740000.0,513150000.0,2023,2024
Juventus,27,15,18160000.0,490200000.0,2023,2024
Atalanta,25,17,13980000.0,349600000.0,2023,2024
AS Roma,26,18,12600000.0,327650000.0,2023,2024
Bologna,27,20,9430000.0,254550000.0,2023,2024
Fiorentina,28,14,8870000.0,248400000.0,2023,2024
Lazio,27,15,8430000.0,227630000.0,2023,2024
Torino,25,18,7260000.0,181400000.0,2023,2024
Sassuolo,27,15,5220000.0,140900000.0,2023,2024
Genoa,27,19,5030000.0,135750000.0,2023,2024
Udinese,29,26,4680000.0,135700000.0,2023,2024
Monza,30,11,4380000.0,131300000.0,2023,2024
Frosinone,33,18,3140000.0,103500000.0,2023,2024
Lecce,28,21,2890000.0,80830000.0,2023,2024
Salernitana,31,23,2560000.0,79400000.0,2023,2024
Cagliari,27,13,2910000.0,78480000.0,2023,2024
Empoli,28,14,2450000.0,68600000.0,2023,2024
Verona,27,19,2530000.0,68380000.0,2023,2024
Parma,29,25,2270000.0,65700000.0,2023,2024
Sampdoria,29,11,1390000.0,40200000.0,2023,2024
Como 1907,30,14,1340000.0,40200000.0,2023,2024
Palermo FC,27,11,1460000.0,39400000.0,2023,2024
Cremonese,28,11,1220000.0,34030000.0,2023,2024
Spezia,32,16,1000000.0,32000000.0,2023,2024
Venezia,25,16,1220000.0,30380000.0,2023,2024
Pisa Sporting Club,29,12,933000.0,27050000.0,2023,2024
SSC Bari,27,12,911000.0,24600000.0,2023,2024
Modena FC,27,3,740000.0,19980000.0,2023,2024
AC Reggiana 1919,30,12,651000.0,19530000.0,2023,2024
Cosenza Calcio,26,4,725000.0,18850000.0,2023,2024
Brescia,28,6,658000.0,18430000.0,2023,2024
Ternana Calcio,28,11,647000.0,18130000.0,2023,2024
US Catanzaro,25,5,677000.0,16930000.0,2023,2024
Ascoli Calcio,32,14,520000.0,16629999.999999998,2023,2024
FC Südtirol,27,5,526000.0,14200000.0,2023,2024
AS Cittadella,28,1,476000.0,13330000.0,2023,2024
Calcio Lecco 1912,29,8,360000.0,10450000.0,2023,2024
Feralpisalò,31,7,313000.0,9700000.0,2023,2024
Bayern Munich,32,15,24530000.0,784880000.0,2018,2019
Dortmund,34,20,18920000.0,643250000.0,2018,2019
RB Leipzig,34,22,14090000.0,479000000.0,2018,2019
Bayer Leverkusen,31,16,13850000.0,429400000.0,2018,2019
Hoffenheim,38,23,8850000.0,336250000.0,2018,2019
Eintracht Frankfurt,47,29,6670000.0,313400000.0,2018,2019
B. Monchengladbach,30,16,8810000.0,264300000.0,2018,2019
Wolfsburg,36,22,6370000.0,229250000.0,2018,2019
Schalke,39,24,5670000.0,221300000.0,2018,2019
Hertha Berlin,36,20,5770000.0,207630000.0,2018,2019
Werder Bremen,33,18,5090000.0,168050000.0,2018,2019
Mainz,35,20,4560000.0,159730000.0,2018,2019
Stuttgart,34,17,4230000.0,143750000.0,2018,2019
Augsburg,40,19,3480000.0,139250000.0,2018,2019
Freiburg,34,8,3590000.0,122100000.0,2018,2019
Dusseldorf,34,17,2790000.0,94900000.0,2018,2019
Hannover 96,37,18,2470000.0,91430000.0,2018,2019
1.FC Nuremberg,29,12,1880000.0,54400000.0,2018,2019
Hamburger SV,39,21,2230000.0,86850000.0,2018,2019
FC Koln,34,13,2460000.0,83500000.0,2018,2019
Union Berlin,33,14,923000.0,30480000.0,2018,2019
Paderborn,35,13,736000.0,25750000.0,2018,2019
Holstein Kiel,31,8,804000.0,24930000.0,2018,2019
FC St. Pauli,37,11,585000.0,21650000.0,2018,2019
SG Dynamo Dresden,31,11,681000.0,21100000.0,2018,2019
Heidenheim,30,1,677000.0,20300000.0,2018,2019
Bochum,38,13,526000.0,19980000.0,2018,2019
FC Ingolstadt 04,35,16,570000.0,19950000.0,2018,2019
Arminia Bielefeld,32,7,600000.0,19200000.0,2018,2019
Darmstadt,37,11,489000.0,18100000.0,2018,2019
SSV Jahn Regensburg,29,7,543000.0,15750000.0,2018,2019
SV Sandhausen,33,9,470000.0,15500000.0,2018,2019
Greuther Furth,29,9,511000.0,14830000.0,2018,2019
FC Erzgebirge Aue,35,7,422000.0,14780000.0,2018,2019
1.FC Magdeburg,32,8,395000.0,12650000.0,2018,2019
MSV Duisburg,31,12,386000.0,11980000.0,2018,2019
Bayern Munich,38,21,20460000.0,777330000.0,2019,2020
Dortmund,37,21,17680000.0,654050000.0,2019,2020
RB Leipzig,38,26,15010000.0,570480000.0,2019,2020
Bayer Leverkusen,29,18,13760000.0,398950000.0,2019,2020
B. Monchengladbach,34,18,7490000.0,254700000.0,2019,2020
Hoffenheim,37,25,6110000.0,226050000.0,2019,2020
Schalke,33,20,6710000.0,221580000.0,2019,2020
Hertha Berlin,42,23,5170000.0,217200000.0,2019,2020
Eintracht Frankfurt,35,24,5970000.0,208980000.0,2019,2020
Wolfsburg,38,23,5460000.0,207600000.0,2019,2020
Werder Bremen,36,18,3750000.0,135130000.0,2019,2020
Freiburg,30,10,4090000.0,122650000.0,2019,2020
Mainz,35,19,3470000.0,121580000.0,2019,2020
Augsburg,37,18,3050000.0,112950000.0,2019,2020
FC Koln,35,14,2810000.0,98480000.0,2019,2020
Dusseldorf,37,17,1940000.0,71730000.0,2019,2020
Union Berlin,34,11,1210000.0,41200000.0,2019,2020
Paderborn,32,15,903000.0,28900000.0,2019,2020
Stuttgart,34,16,2080000.0,70800000.0,2019,2020
Hamburger SV,33,17,1510000.0,49900000.0,2019,2020
Hannover 96,38,12,1020000.0,38930000.0,2019,2020
1.FC Nuremberg,39,13,815000.0,31800000.0,2019,2020
FC St. Pauli,42,17,523000.0,21980000.0,2019,2020
Arminia Bielefeld,29,10,702000.0,20350000.0,2019,2020
Heidenheim,30,1,657000.0,19700000.0,2019,2020
Holstein Kiel,29,8,643000.0,18650000.0,2019,2020
SG Dynamo Dresden,36,14,515000.0,18530000.0,2019,2020
Bochum,35,14,516000.0,18080000.0,2019,2020
Greuther Furth,31,9,452000.0,14030000.0,2019,2020
Darmstadt,32,11,431000.0,13800000.0,2019,2020
FC Erzgebirge Aue,29,8,472000.0,13680000.0,2019,2020
SV Sandhausen,30,10,445000.0,13350000.0,2019,2020
VfL Osnabrück,31,9,388000.0,12030000.0,2019,2020
SSV Jahn Regensburg,29,3,408000.0,11830000.0,2019,2020
SV Wehen Wiesbaden,36,5,290000.0,10450000.0,2019,2020
Karlsruher SC,33,11,299000.0,9880000.0,2019,2020
Bayern Munich,45,22,19070000.0,858230000.0,2020,2021
Dortmund,32,17,19640000.0,628400000.0,2020,2021
RB Leipzig,32,23,17970000.0,574950000.0,2020,2021
Bayer Leverkusen,33,22,11310000.0,373250000.0,2020,2021
B. Monchengladbach,33,19,9110000.0,300750000.0,2020,2021
Eintracht Frankfurt,36,24,7480000.0,269150000.0,2020,2021
Wolfsburg,30,20,8560000.0,256830000.0,2020,2021
Hertha Berlin,38,22,6020000.0,228880000.0,2020,2021
Hoffenheim,37,26,6170000.0,228150000.0,2020,2021
Stuttgart,32,16,5910000.0,189250000.0,2020,2021
Mainz,36,18,4540000.0,163300000.0,2020,2021
Freiburg,30,13,4640000.0,139100000.0,2020,2021
Schalke,45,27,2730000.0,123050000.0,2020,2021
FC Koln,36,17,3280000.0,118200000.0,2020,2021
Werder Bremen,33,15,3390000.0,111980000.0,2020,2021
Augsburg,31,20,3000000.0,93050000.0,2020,2021
Union Berlin,33,10,2490000.0,82050000.0,2020,2021
Arminia Bielefeld,33,15,1720000.0,56730000.0,2020,2021
Dusseldorf,36,16,998000.0,35930000.0,2020,2021
Hamburger SV,31,11,1150000.0,35600000.0,2020,2021
Bochum,31,13,1090000.0,33900000.0,2020,2021
Greuther Furth,27,12,1130000.0,30530000.0,2020,2021
1.FC Nuremberg,35,9,782000.0,27380000.0,2020,2021
Hannover 96,31,15,776000.0,24050000.0,2020,2021
FC St. Pauli,36,18,645000.0,23230000.0,2020,2021
Paderborn,35,10,648000.0,22680000.0,2020,2021
Holstein Kiel,28,5,763000.0,21350000.0,2020,2021
Heidenheim,31,1,661000.0,20500000.0,2020,2021
Darmstadt,32,11,532000.0,17030000.0,2020,2021
Karlsruher SC,32,10,481000.0,15400000.0,2020,2021
SV Sandhausen,34,10,427000.0,14530000.0,2020,2021
FC Erzgebirge Aue,28,5,494000.0,13830000.0,2020,2021
VfL Osnabrück,32,8,411000.0,13150000.0,2020,2021
SSV Jahn Regensburg,30,5,433000.0,12980000.0,2020,2021
Würzburger Kickers,39,15,283000.0,11030000.0,2020,2021
Eintracht Braunschweig,33,7,308000.0,10180000.0,2020,2021
Bayern Munich,38,20,20800000.0,790330000.0,2021,2022
Dortmund,44,25,12700000.0,558980000.0,2021,2022
RB Leipzig,34,23,14680000.0,498950000.0,2021,2022
Bayer Leverkusen,35,25,13000000.0,455050000.0,2021,2022
Wolfsburg,37,24,7280000.0,269300000.0,2021,2022
B. Monchengladbach,31,14,7640000.0,236800000.0,2021,2022
Eintracht Frankfurt,36,23,6350000.0,228750000.0,2021,2022
Hoffenheim,40,21,5290000.0,211430000.0,2021,2022
Freiburg,32,12,5510000.0,176350000.0,2021,2022
Stuttgart,39,21,4470000.0,174230000.0,2021,2022
Hertha Berlin,45,22,3460000.0,155750000.0,2021,2022
Mainz,34,18,3850000.0,131030000.0,2021,2022
Union Berlin,40,15,2900000.0,115900000.0,2021,2022
FC Koln,31,13,3200000.0,99280000.0,2021,2022
Augsburg,32,20,2980000.0,95300000.0,2021,2022
Arminia Bielefeld,34,20,1940000.0,65849999.99999999,2021,2022
Bochum,33,15,1580000.0,52250000.0,2021,2022
Greuther Furth,34,15,1090000.0,36950000.0,2021,2022
Werder Bremen,37,12,1680000.0,62100000.0,2021,2022
Schalke,39,22,1120000.0,43830000.0,2021,2022
Hamburger SV,35,13,1250000.0,43730000.0,2021,2022
1.FC Nuremberg,30,5,961000.0,28830000.0,2021,2022
Hannover 96,35,13,817000.0,28600000.0,2021,2022
Dusseldorf,40,17,682000.0,27280000.0,2021,2022
FC St. Pauli,32,14,802000.0,25680000.0,2021,2022
Darmstadt,32,10,637000.0,20380000.0,2021,2022
Paderborn,35,9,569000.0,19900000.0,2021,2022
Heidenheim,31,2,592000.0,18350000.0,2021,2022
Karlsruher SC,35,8,503000.0,17600000.0,2021,2022
SV Sandhausen,38,12,447000.0,16980000.0,2021,2022
Holstein Kiel,34,7,496000.0,16880000.0,2021,2022
SSV Jahn Regensburg,30,6,559000.0,16780000.0,2021,2022
SG Dynamo Dresden,35,11,406000.0,14200000.0,2021,2022
FC Ingolstadt 04,50,16,278000.0,13880000.0,2021,2022
FC Hansa Rostock,35,8,386000.0,13500000.0,2021,2022
FC Erzgebirge Aue,34,10,324000.0,11000000.0,2021,2022
Bayern Munich,35,22,27110000.0,948950000.0,2022,2023
Dortmund,37,19,15340000.0,567550000.0,2022,2023
RB Leipzig,29,19,16770000.0,486400000.0,2022,2023
Bayer Leverkusen,35,25,12930000.0,452550000.0,2022,2023
Eintracht Frankfurt,36,22,9020000.0,324550000.0,2022,2023
B. Monchengladbach,35,16,6910000.0,241680000.0,2022,2023
Wolfsburg,33,20,7220000.0,238300000.0,2022,2023
Freiburg,29,11,6930000.0,200950000.0,2022,2023
Hoffenheim,37,21,4830000.0,178800000.0,2022,2023
Union Berlin,36,17,4390000.0,157950000.0,2022,2023
Stuttgart,39,21,3870000.0,151050000.0,2022,2023
Mainz,34,17,3990000.0,135800000.0,2022,2023
Augsburg,42,24,3150000.0,132230000.0,2022,2023
FC Koln,39,16,2970000.0,115650000.0,2022,2023
Hertha Berlin,41,22,2290000.0,94000000.0,2022,2023
Werder Bremen,33,10,2710000.0,89500000.0,2022,2023
Schalke,43,22,2040000.0,87780000.0,2022,2023
Bochum,32,18,1680000.0,53700000.0,2022,2023
Hamburger SV,36,16,1080000.0,38780000.0,2022,2023
Dusseldorf,33,15,888000.0,29300000.0,2022,2023
1.FC Nuremberg,40,10,713000.0,28530000.0,2022,2023
Darmstadt,29,11,961000.0,27880000.0,2022,2023
Paderborn,34,9,761000.0,25880000.0,2022,2023
Heidenheim,28,3,900000.0,25200000.0,2022,2023
FC St. Pauli,33,17,759000.0,25050000.0,2022,2023
Arminia Bielefeld,34,18,735000.0,25000000.0,2022,2023
Greuther Furth,34,15,694000.0,23600000.0,2022,2023
Karlsruher SC,33,11,669000.0,22080000.0,2022,2023
Hannover 96,29,6,751000.0,21780000.0,2022,2023
Eintracht Braunschweig,31,9,623000.0,19330000.0,2022,2023
Holstein Kiel,33,6,542000.0,17880000.0,2022,2023
1.FC Magdeburg,36,14,487000.0,17530000.0,2022,2023
SV Sandhausen,32,11,480000.0,15380000.0,2022,2023
1.FC Kaiserslautern,30,5,486000.0,14580000.0,2022,2023
FC Hansa Rostock,35,13,409000.0,14300000.0,2022,2023
SSV Jahn Regensburg,31,8,460000.0,14280000.0,2022,2023
Bayern Munich,27,16,34420000.0,929450000.0,2023,2024
Bayer Leverkusen,27,22,22020000.0,594550000.0,2023,2024
RB Leipzig,24,16,20700000.0,496900000.0,2023,2024
Dortmund,28,13,16559999.999999998,463700000.0,2023,2024
Stuttgart,28,11,9930000.0,277900000.0,2023,2024
Eintracht Frankfurt,34,20,7080000.0,240850000.0,2023,2024
Wolfsburg,28,18,8080000.0,226200000.0,2023,2024
Freiburg,27,11,6970000.0,188200000.0,2023,2024
B. Monchengladbach,31,16,5980000.0,185230000.0,2023,2024
Union Berlin,25,15,5790000.0,144650000.0,2023,2024
Hoffenheim,28,12,5160000.0,144350000.0,2023,2024
Augsburg,27,16,4530000.0,122350000.0,2023,2024
Mainz,27,11,3810000.0,102850000.0,2023,2024
Werder Bremen,25,12,3900000.0,97600000.0,2023,2024
FC Koln,29,8,3230000.0,93550000.0,2023,2024
Bochum,29,13,2180000.0,63100000.0,2023,2024
Heidenheim,28,5,2180000.0,61050000.0,2023,2024
Darmstadt,31,11,1320000.0,40850000.0,2023,2024
Hertha Berlin,31,14,1460000.0,45200000.0,2023,2024
Hamburger SV,30,19,1500000.0,45100000.0,2023,2024
Dusseldorf,26,9,1460000.0,38000000.0,2023,2024
1.FC Nuremberg,30,8,1210000.0,36280000.0,2023,2024
FC St. Pauli,27,16,1250000.0,33700000.0,2023,2024
Schalke,27,13,1240000.0,33550000.0,2023,2024
Holstein Kiel,29,8,1060000.0,30600000.0,2023,2024
Greuther Furth,27,7,1100000.0,29800000.0,2023,2024
Hannover 96,25,5,1140000.0,28480000.0,2023,2024
1.FC Kaiserslautern,30,9,793000.0,23800000.0,2023,2024
SV 07 Elversberg,29,6,760000.0,22050000.0,2023,2024
Karlsruher SC,26,6,840000.0,21850000.0,2023,2024
Paderborn,29,4,669000.0,19400000.0,2023,2024
SV Wehen Wiesbaden,30,14,597000.0,17900000.0,2023,2024
1.FC Magdeburg,28,13,613000.0,17180000.0,2023,2024
FC Hansa Rostock,30,13,533000.0,15980000.0,2023,2024
Eintracht Braunschweig,31,13,488000.0,15130000.0,2023,2024
VfL Osnabrück,31,6,473000.0,14650000.0,2023,2024
PSG,39,22,25900000.0,1010000000.0,2018,2019
Lyon,34,19,13760000.0,467950000.0,2018,2019
Monaco,57,38,6770000.0,385830000.0,2018,2019
Lille,32,25,8359999.999999999,267550000.0,2018,2019
Marseille,33,16,7830000.0,258350000.00000003,2018,2019
Nice,38,18,4820000.0,183200000.0,2018,2019
Bordeaux,43,22,4160000.0,179000000.0,2018,2019
Rennes,41,18,4110000.000000001,168450000.0,2018,2019
St Etienne,42,17,3130000.0,131250000.0,2018,2019
Nantes,40,28,2990000.0,119500000.0,2018,2019
Toulouse,40,20,2830000.0,113250000.0,2018,2019
Montpellier,32,17,3430000.0,109850000.0,2018,2019
Strasbourg,33,16,2970000.0,98000000.0,2018,2019
Nimes,31,13,2840000.0,88150000.0,2018,2019
Reims,37,22,2350000.0,86950000.0,2018,2019
Angers,38,19,2100000.0,79700000.0,2018,2019
EA Guingamp,37,18,1910000.0,70650000.0,2018,2019
Amiens,36,19,1960000.0,70500000.0,2018,2019
SM Caen,39,19,1730000.0,67550000.0,2018,2019
Dijon,32,18,2060000.0,65800000.0,2018,2019
Metz,37,27,1170000.0,43250000.0,2018,2019
Troyes,40,24,901000.0,36050000.0,2018,2019
Lorient,42,18,808000.0,33950000.0,2018,2019
Brest,29,6,1120000.0,32350000.0,2018,2019
Lens,40,23,743000.0,29700000.0,2018,2019
Le Havre,31,24,752000.0,23300000.0,2018,2019
Auxerre,33,17,688000.0,22700000.0,2018,2019
FC Sochaux-Montbéliard,45,24,486000.0,21850000.0,2018,2019
Clermont,34,11,604000.0,20550000.0,2018,2019
Paris FC,29,21,658000.0,19080000.0,2018,2019
AS Nancy-Lorraine,43,21,428000.0,18400000.0,2018,2019
Valenciennes FC,37,15,436000.0,16149999.999999998,2018,2019
LB Châteauroux,31,13,492000.0,15250000.0,2018,2019
Chamois Niortais FC,34,13,374000.0,12700000.0,2018,2019
Grenoble Foot 38,33,13,356000.0,11750000.0,2018,2019
US Orléans,31,11,371000.0,11500000.0,2018,2019
Red Star FC,36,16,311000.0,11200000.0,2018,2019
AC Ajaccio,30,11,359000.0,10780000.0,2018,2019
GFC Ajaccio,31,12,310000.0,9600000.0,2018,2019
AS Béziers,36,18,267000.0,9600000.0,2018,2019
PSG,35,25,24980000.0,874150000.0,2019,2020
Lyon,33,22,11650000.0,384550000.0,2019,2020
Monaco,39,28,8490000.0,331030000.0,2019,2020
Lille,31,22,7990000.0,247780000.0,2019,2020
Marseille,34,12,6360000.0,216150000.0,2019,2020
Nice,37,20,4690000.0,173450000.0,2019,2020
Rennes,33,16,5210000.0,171880000.0,2019,2020
Bordeaux,31,19,4040000.0,125350000.0,2019,2020
Nantes,35,21,3030000.0,106150000.0,2019,2020
St Etienne,41,16,2560000.0,104830000.0,2019,2020
Strasbourg,31,16,2940000.0,91130000.0,2019,2020
Angers,31,14,2890000.0,89480000.0,2019,2020
Montpellier,30,15,2720000.0,81680000.0,2019,2020
Reims,31,21,2630000.0,81680000.0,2019,2020
Toulouse,35,15,2050000.0,71880000.0,2019,2020
Amiens,37,20,1670000.0,61930000.0,2019,2020
Metz,32,21,1690000.0,54100000.0,2019,2020
Dijon,31,19,1620000.0,50230000.0,2019,2020
Nimes,35,12,1420000.0,49650000.0,2019,2020
Brest,28,9,1710000.0,47780000.0,2019,2020
EA Guingamp,39,18,944000.0,36800000.0,2019,2020
Lorient,32,8,1100000.0,35200000.0,2019,2020
Troyes,32,18,999000.0,31980000.0,2019,2020
Lens,38,20,811000.0,30830000.0,2019,2020
SM Caen,39,19,708000.0,27630000.0,2019,2020
Auxerre,31,13,755000.0,23400000.0,2019,2020
Le Havre,29,18,716000.0,20750000.0,2019,2020
Paris FC,39,20,528000.0,20600000.0,2019,2020
LB Châteauroux,37,16,450000.0,16649999.999999998,2019,2020
FC Sochaux-Montbéliard,35,15,443000.0,15500000.0,2019,2020
Valenciennes FC,30,15,472000.0,14150000.0,2019,2020
AC Ajaccio,34,18,401000.0,13630000.0,2019,2020
Le Mans FC,32,12,402000.0,12850000.0,2019,2020
AS Nancy-Lorraine,34,19,376000.0,12780000.0,2019,2020
US Orléans,35,10,357000.0,12500000.0,2019,2020
Clermont,29,16,422000.0,12230000.0,2019,2020
Chamois Niortais FC,31,16,382000.0,11850000.0,2019,2020
Grenoble Foot 38,28,15,383000.0,10730000.0,2019,2020
FC Chambly Oise,35,6,261000.0,9150000.0,2019,2020
Rodez AF,30,6,286000.0,8580000.0,2019,2020
PSG,41,29,19630000.0,805000000.0,2020,2021
Lyon,40,29,10780000.0,431350000.0,2020,2021
Monaco,33,19,11220000.0,370350000.0,2020,2021
Lille,32,23,10100000.0,323200000.0,2020,2021
Rennes,37,12,8039999.999999999,297500000.0,2020,2021
Marseille,37,19,6700000.0,247950000.0,2020,2021
Nice,41,19,5760000.0,236100000.0,2020,2021
St Etienne,43,18,3590000.0,154500000.0,2020,2021
Montpellier,34,14,3350000.0,113850000.0,2020,2021
Angers,38,18,2940000.0,111650000.0,2020,2021
Strasbourg,34,20,3230000.0,109650000.0,2020,2021
Bordeaux,36,19,2940000.0,105700000.0,2020,2021
Reims,34,25,3090000.0,105180000.0,2020,2021
Lens,36,18,2900000.0,104300000.0,2020,2021
Metz,35,25,2960000.0,103500000.0,2020,2021
Brest,32,10,3230000.0,103230000.0,2020,2021
Nantes,32,17,2960000.0,94750000.0,2020,2021
Lorient,34,15,2140000.0,72880000.0,2020,2021
Dijon,37,24,1770000.0,65629999.99999999,2020,2021
Nimes,36,19,1680000.0,60400000.0,2020,2021
Toulouse,43,24,1370000.0,58830000.0,2020,2021
Amiens,46,28,1130000.0,52150000.0,2020,2021
Troyes,39,16,740000.0,28850000.0,2020,2021
Valenciennes FC,30,15,818000.0,24550000.0,2020,2021
Clermont,27,15,891000.0,24050000.0,2020,2021
EA Guingamp,35,20,670000.0,23450000.0,2020,2021
SM Caen,39,15,581000.0,22650000.0,2020,2021
FC Sochaux-Montbéliard,33,15,598000.0,19750000.0,2020,2021
Paris FC,35,18,524000.0,18350000.0,2020,2021
Le Havre,38,21,481000.0,18280000.0,2020,2021
Chamois Niortais FC,33,16,552000.0,18200000.0,2020,2021
AC Ajaccio,33,13,542000.0,17900000.0,2020,2021
AS Nancy-Lorraine,32,16,552000.0,17650000.0,2020,2021
Auxerre,31,14,558000.0,17300000.0,2020,2021
LB Châteauroux,41,17,379000.0,15550000.0,2020,2021
Grenoble Foot 38,31,15,489000.0,15150000.0,2020,2021
Rodez AF,30,9,480000.0,14400000.0,2020,2021
Pau FC,33,13,403000.0,13300000.0,2020,2021
FC Chambly Oise,40,7,319000.0,12750000.0,2020,2021
USL Dunkerque,31,9,379000.0,11750000.0,2020,2021
PSG,41,28,21350000.0,875150000.0,2021,2022
Lyon,40,21,9940000.0,397700000.0,2021,2022
Monaco,41,23,9660000.0,396000000.0,2021,2022
Lille,41,29,7480000.0,306880000.0,2021,2022
Rennes,36,11,8480000.0,305350000.0,2021,2022
Marseille,38,22,7490000.0,284700000.0,2021,2022
Nice,34,23,7830000.0,266050000.0,2021,2022
Lens,35,20,4400000.0,154050000.0,2021,2022
Reims,40,28,3740000.0,149400000.0,2021,2022
Montpellier,36,17,4020000.0,144600000.0,2021,2022
Strasbourg,33,18,3640000.0,120050000.0,2021,2022
Bordeaux,54,32,2160000.0,116850000.0,2021,2022
Nantes,31,16,3630000.0,112650000.0,2021,2022
St Etienne,44,21,2400000.0,105650000.0,2021,2022
Brest,30,10,3440000.0,103150000.0,2021,2022
Metz,41,28,2220000.0,91050000.0,2021,2022
Angers,38,19,2360000.0,89500000.0,2021,2022
Troyes,50,26,1460000.0,73200000.0,2021,2022
Lorient,35,15,1750000.0,61300000.0,2021,2022
Clermont,39,23,1410000.0,55100000.0,2021,2022
Toulouse,33,23,1670000.0,55050000.0,2021,2022
Le Havre,36,19,869000.0,31300000.0,2021,2022
Nimes,30,14,1000000.0,30130000.0,2021,2022
Amiens,39,20,732000.0,28550000.0,2021,2022
SM Caen,36,15,786000.0,28300000.0,2021,2022
Dijon,37,19,747000.0,27650000.0,2021,2022
Paris FC,40,19,654000.0,26150000.0,2021,2022
Auxerre,32,12,767000.0,24550000.0,2021,2022
AC Ajaccio,31,14,787000.0,24400000.0,2021,2022
FC Sochaux-Montbéliard,31,14,740000.0,22950000.0,2021,2022
EA Guingamp,35,12,651000.0,22800000.0,2021,2022
Valenciennes FC,37,14,615000.0,22750000.0,2021,2022
Chamois Niortais FC,33,14,636000.0,21000000.0,2021,2022
Grenoble Foot 38,39,20,441000.0,17200000.0,2021,2022
Pau FC,30,9,565000.0,16950000.0,2021,2022
AS Nancy-Lorraine,35,18,473000.0,16550000.0,2021,2022
Quevilly Rouen Métropole,38,14,405000.0,15400000.0,2021,2022
Rodez AF,31,7,456000.0,14150000.0,2021,2022
USL Dunkerque,35,8,397000.0,13900000.0,2021,2022
SC Bastia,32,9,419000.0,13400000.0,2021,2022
PSG,37,24,24090000.0,891250000.0,2022,2023
Rennes,38,18,10200000.0,387750000.0,2022,2023
Monaco,32,18,11510000.0,368300000.0,2022,2023
Lyon,34,16,10320000.0,350950000.0,2022,2023
Marseille,37,29,8960000.0,331550000.0,2022,2023
Nice,41,26,7580000.0,310800000.0,2022,2023
Lille,33,19,7510000.0,247950000.0,2022,2023
Lens,39,23,6110000.0,238200000.0,2022,2023
Lorient,42,17,4180000.0,175450000.0,2022,2023
Reims,40,26,3980000.0,159050000.0,2022,2023
Montpellier,39,17,3660000.0,142900000.0,2022,2023
Strasbourg,36,16,3430000.0,123550000.0,2022,2023
Nantes,37,18,3220000.0,119280000.0,2022,2023
Toulouse,37,29,2830000.0,104800000.0,2022,2023
Brest,32,15,2400000.0,76650000.0,2022,2023
Troyes,41,21,1860000.0,76300000.0,2022,2023
Angers,44,21,1630000.0,71800000.0,2022,2023
Auxerre,42,22,1300000.0,54800000.0,2022,2023
Clermont,33,21,1450000.0,48000000.0,2022,2023
AC Ajaccio,41,25,659000.0,27000000.0,2022,2023
St Etienne,46,16,1450000.0,66500000.0,2022,2023
Metz,40,28,1380000.0,55300000.0,2022,2023
Bordeaux,33,18,1560000.0,51550000.0,2022,2023
Le Havre,40,19,1250000.0,50100000.0,2022,2023
FC Sochaux-Montbéliard,35,15,879000.0,30750000.0,2022,2023
Amiens,34,17,849000.0,28850000.0,2022,2023
Paris FC,42,19,601000.0,25250000.0,2022,2023
SM Caen,31,16,779000.0,24150000.0,2022,2023
Nimes,41,20,568000.0,23300000.0,2022,2023
EA Guingamp,33,8,697000.0,23000000.0,2022,2023
Valenciennes FC,37,11,618000.0,22850000.0,2022,2023
Dijon,32,15,584000.0,18700000.0,2022,2023
SC Bastia,28,11,564000.0,15800000.0,2022,2023
Rodez AF,37,12,423000.0,15650000.0,2022,2023
Grenoble Foot 38,34,19,459000.0,15600000.0,2022,2023
FC Annecy,30,3,477000.0,14300000.0,2022,2023
Pau FC,32,13,436000.0,13950000.0,2022,2023
Quevilly Rouen Métropole,29,12,474000.0,13750000.0,2022,2023
Chamois Niortais FC,34,14,372000.0,12650000.0,2022,2023
Stade Lavallois,32,10,358000.0,11450000.0,2022,2023
PSG,29,17,35150000.0,1020000000.0,2023,2024
Monaco,24,17,14470000.0,347200000.0,2023,2024
Rennes,24,11,11440000.0,274650000.0,2023,2024
Nice,28,12,9350000.0,261800000.0,2023,2024
Lille,25,18,9980000.0,249500000.0,2023,2024
Lyon,28,19,8530000.0,238800000.0,2023,2024
Marseille,27,21,8570000.0,231350000.0,2023,2024
Lens,27,14,7440000.0,200850000.0,2023,2024
Strasbourg,25,14,4950000.0,123850000.0,2023,2024
Reims,24,17,4920000.0,118100000.0,2023,2024
Lorient,28,16,3790000.0,106250000.0,2023,2024
Toulouse,27,21,3720000.0,100400000.0,2023,2024
Brest,24,7,4170000.0,100000000.0,2023,2024
Montpellier,25,12,3940000.0,98600000.0,2023,2024
Nantes,25,13,3790000.0,94650000.0,2023,2024
Le Havre,24,14,2560000.0,61500000.0,2023,2024
Clermont,25,13,2080000.0,52000000.0,2023,2024
Metz,28,21,1630000.0,45700000.0,2023,2024
St Etienne,24,9,1340000.0,32150000.0,2023,2024
Troyes,30,18,962000.0,28850000.0,2023,2024
Auxerre,25,13,1120000.0,27900000.0,2023,2024
Bordeaux,28,16,930000.0,26050000.0,2023,2024
Angers,22,9,1020000.0,22400000.0,2023,2024
SM Caen,23,8,911000.0,20950000.0,2023,2024
Amiens,29,18,709000.0,20580000.0,2023,2024
Paris FC,28,14,679000.0,19000000.0,2023,2024
EA Guingamp,32,10,525000.0,16800000.0,2023,2024
Grenoble Foot 38,27,15,543000.0,14650000.0,2023,2024
Rodez AF,26,9,562000.0,14600000.0,2023,2024
Valenciennes FC,31,17,450000.0,13950000.0,2023,2024
USL Dunkerque,30,15,461000.0,13830000.0,2023,2024
Pau FC,28,17,488000.0,13650000.0,2023,2024
SC Bastia,25,10,540000.0,13500000.0,2023,2024
Quevilly - Rouen Métropole,25,9,530000.0,13250000.0,2023,2024
FC Annecy,29,8,448000.0,13000000.0,2023,2024
AC Ajaccio,25,10,466000.0,11650000.0,2023,2024
Stade Lavallois,27,9,419000.0,11300000.0,2023,2024
US Concarneau,29,9,354000.0,10280000.0,2023,2024
